Size of N for NxN,Time,Parallelization,Location,mpi_size
10,0.0273287296295166,True,Cloudlab,8
100,0.10692954063415527,True,Cloudlab,8
250,1.6582026481628418,True,Cloudlab,8
500,13.432053327560425,True,Cloudlab,8
750,45.96901226043701,True,Cloudlab,8
10,0.0012538433074951172,False,Cloudlab,1
100,0.8401048183441162,False,Cloudlab,1
250,13.055762529373169,False,Cloudlab,1
500,108.84905529022217,False,Cloudlab,1
750,367.4142816066742,False,Cloudlab,1
