Size of N for NxN,Time,Parallelization,Location,mpi_size
10,0.002438783645629883,True,Colab,1
100,0.9785745143890381,True,Colab,1
250,16.272568464279175,True,Colab,1
500,136.1874988079071,True,Colab,1
750,457.5021553039551,True,Colab,1
10,0.0011150836944580078,False,Colab,1
100,1.29119873046875,False,Colab,1
250,16.883007764816284,False,Colab,1
500,132.8327190876007,False,Colab,1
750,457.6425623893738,False,Colab,1
