Size of N for NxN,Time,Parallelization,Location,mpi_size
10,0.0009677410125732422,True,PC,4
100,0.22540998458862305,True,PC,4
250,3.305211067199707,True,PC,4
500,27.86357021331787,True,PC,4
750,93.61351323127747,True,PC,4
10,0.0010814666748046875,False,PC,1
100,0.8993914127349854,False,PC,1
250,14.036945343017578,False,PC,1
500,112.78405594825745,False,PC,1
750,369.9748795032501,False,PC,1
